"DATE","DCOILBRENTEU","DCOILWTICO","DEXUSAL","DEXCAUS","DEXDNUS","DEXUSEU","DEXNOUS","DEXSDUS","DEXUSUK","OVX","DEXNOEU","DEXBZUS","DEXMXUS","CHFEUR","DEXJPUS","DEXSZUS"
1971-01-01,NA,NA,1.1236,1.008,7.4868,NA,7.1445,5.1675,2.4174,NA,NA,NA,NA,NA,358.02,4.2963
1971-02-01,NA,NA,1.123,1.007,7.4834,NA,7.142,5.1652,2.416,NA,NA,NA,NA,NA,357.545,4.307
1971-03-01,NA,NA,1.1234,1.0081,7.4764,NA,7.1314,5.1624,2.4168,NA,NA,NA,NA,NA,357.5186957,4.2954
1971-04-01,NA,NA,1.1245,1.0091,7.496,NA,7.1312,5.1614,2.4193,NA,NA,NA,NA,NA,357.5031818,4.2959
1971-05-01,NA,NA,1.1238,1.0101,7.4946,NA,7.1115,5.1648,2.4178,NA,NA,NA,NA,NA,357.413,4.1058
1971-06-01,NA,NA,1.1246,1.0235,7.496,NA,7.1048,5.1588,2.4196,NA,NA,NA,NA,NA,357.4118182,4.0989
1971-07-01,NA,NA,1.1241,1.0188,7.4993,NA,7.1066,5.1591,2.4184,NA,NA,NA,NA,NA,357.4042857,4.0862
1971-08-01,NA,NA,1.1406,1.0142,7.3505,NA,6.9143,5.0793,2.4535,NA,NA,NA,NA,NA,355.78,3.9936
1971-09-01,NA,NA,1.1549,1.0093,7.28,NA,6.8672,5.0273,2.4847,NA,NA,NA,NA,NA,338.0209524,3.9541
1971-10-01,NA,NA,1.158,1.0036,7.2576,NA,6.8538,5.0196,2.4914,NA,NA,NA,NA,NA,331.1105263,3.9927
1971-11-01,NA,NA,1.1591,1.0036,7.2227,NA,6.8376,4.957,2.4937,NA,NA,NA,NA,NA,328.752,3.9555
1971-12-01,NA,NA,1.1887,1.0024,7.0665,NA,6.7069,4.8631,2.552,NA,NA,NA,NA,NA,320.0727273,3.9147
1972-01-01,NA,NA,1.191,1.0056,7.0028,NA,6.6912,4.8054,2.5937,NA,NA,NA,NA,NA,312.72,3.8745
1972-02-01,NA,NA,1.191,1.0012,6.9857,NA,6.6269,4.7927,2.6059,NA,NA,NA,NA,NA,305.187,3.8685
1972-03-01,NA,NA,1.191,0.9977,6.9686,NA,6.6007,4.7801,2.6163,NA,NA,NA,NA,NA,302.5365217,3.8358
1972-04-01,NA,NA,1.191,0.9924,6.9955,NA,6.6028,4.7755,2.611,NA,NA,NA,NA,NA,303.5605,3.8647
1972-05-01,NA,NA,1.191,0.9812,6.9324,NA,6.5274,4.7337,2.613,NA,NA,NA,NA,NA,304.3795455,3.8432
1972-06-01,NA,NA,1.191,0.9856,6.9469,NA,6.5147,4.7059,2.441,NA,NA,NA,NA,NA,302.4145455,3.7425
1972-07-01,NA,NA,1.191,0.9834,6.9553,NA,6.5274,4.7281,2.4498,NA,NA,NA,NA,NA,301.0305,3.7736
1972-08-01,NA,NA,1.191,0.9832,6.8918,NA,6.5424,4.7248,2.4483,NA,NA,NA,NA,NA,301.1608696,3.7818
1972-09-01,NA,NA,1.191,0.9835,7.2307,NA,6.6203,4.745,2.4195,NA,NA,NA,NA,NA,301.119,3.8023
1972-10-01,NA,NA,1.191,0.9832,6.9144,NA,6.6423,4.7483,2.3405,NA,NA,NA,NA,NA,301.011,3.7994
1972-11-01,NA,NA,1.191,0.9945,6.8681,NA,6.5746,4.7393,2.3522,NA,NA,NA,NA,NA,300.9885,3.7761
1972-12-01,NA,NA,1.2732,0.9956,6.8435,NA,6.6412,4.7438,2.348,NA,NA,NA,NA,NA,301.2405,3.7707
1973-01-01,NA,NA,1.271,1.0009,6.8376,NA,6.5327,4.707,2.3817,NA,NA,NA,NA,NA,301.7881818,3.6206
1973-02-01,NA,NA,1.41,0.9942,6.1767,NA,5.9773,4.4543,2.49,NA,NA,NA,NA,NA,278.4205556,3.1299
1973-03-01,NA,NA,1.415,0.9991,6.2035,NA,5.9032,4.4944,2.4755,NA,NA,NA,NA,NA,261.9013636,3.2436
1973-04-01,NA,NA,1.415,1.0032,6.2441,NA,5.9382,4.5249,2.489,NA,NA,NA,NA,NA,265.4914286,3.2415
1973-05-01,NA,NA,1.415,0.9951,6.0205,NA,5.6593,4.2772,2.5661,NA,NA,NA,NA,NA,264.6504545,3.0864
1973-06-01,NA,NA,1.4155,0.9985,5.6657,NA,5.291,4.0568,2.581,NA,NA,NA,NA,NA,264.4980952,2.9283
1973-07-01,NA,NA,1.42,1.0015,5.5188,NA,5.3333,4.0486,2.499,NA,NA,NA,NA,NA,264.5538095,2.8409
1973-08-01,NA,NA,1.416,1.0056,5.7904,NA,5.5928,4.2176,2.458,NA,NA,NA,NA,NA,265.22,3.0349
1973-09-01,NA,NA,1.48,1.0058,5.7372,NA,5.534,4.2052,2.4135,NA,NA,NA,NA,NA,265.4747368,3.0303
1973-10-01,NA,NA,1.48,0.999,5.7045,NA,5.534,4.1789,2.4385,NA,NA,NA,NA,NA,266.3347619,3.0998
1973-11-01,NA,NA,1.482,1.0002,6.135,NA,5.5928,4.4248,2.343,NA,NA,NA,NA,NA,278.2625,3.2051
1973-12-01,NA,NA,1.4825,0.996,6.2933,NA,5.7307,4.5809,2.3225,NA,NA,NA,NA,NA,280.1775,3.251
1974-01-01,NA,NA,1.485,0.9882,6.5789,NA,5.9172,4.7393,2.286,NA,NA,NA,NA,NA,298.1336364,3.2552
1974-02-01,NA,NA,1.4875,0.9685,6.2775,NA,5.6883,4.6339,2.3015,NA,NA,NA,NA,NA,291.0872222,3.1328
1974-03-01,NA,NA,1.485,0.9728,6.0938,NA,5.4201,4.4248,2.393,NA,NA,NA,NA,NA,282.1647619,3.0157
1974-04-01,NA,NA,1.485,0.9606,5.8928,NA,5.3447,4.2772,2.424,NA,NA,NA,NA,NA,277.7740909,2.9325
1974-05-01,NA,NA,1.4825,0.9622,5.9207,NA,5.4526,4.329,2.396,NA,NA,NA,NA,NA,278.9663636,2.9797
1974-06-01,NA,NA,1.485,0.9723,6.006,NA,5.4437,4.4053,2.3905,NA,NA,NA,NA,NA,282.97,3.0003
1974-07-01,NA,NA,1.4825,0.9792,5.9595,NA,5.4054,4.3687,2.387,NA,NA,NA,NA,NA,290.98,2.9647
1974-08-01,NA,NA,1.48,0.9877,6.1387,NA,5.5617,4.4803,2.3162,NA,NA,NA,NA,NA,302.2836364,3.0111
1974-09-01,NA,NA,1.31,0.9859,6.1237,NA,5.5371,4.4643,2.3325,NA,NA,NA,NA,NA,299.084,2.9499
1974-10-01,NA,NA,1.308,0.9846,5.9559,NA,5.5096,4.3821,2.3355,NA,NA,NA,NA,NA,299.3645455,2.8703
1974-11-01,NA,NA,1.314,0.9874,5.8038,NA,5.3706,4.2644,2.3255,NA,NA,NA,NA,NA,300.075,2.7122
1974-12-01,NA,NA,1.3245,0.9914,5.6402,NA,5.2165,4.0766,2.347,NA,NA,NA,NA,NA,300.4114286,2.5445
1975-01-01,NA,NA,1.336,0.9995,5.5835,NA,5.0633,4.0145,2.3825,NA,NA,NA,NA,NA,299.6845455,2.4956
1975-02-01,NA,NA,1.364,0.9982,5.4171,NA,4.902,3.8986,2.43,NA,NA,NA,NA,NA,291.6583333,2.4033
1975-03-01,NA,NA,1.351,1.0035,5.4348,NA,4.9092,3.9308,2.406,NA,NA,NA,NA,NA,287.9485714,2.5381
1975-04-01,NA,NA,1.3385,1.0194,5.4735,NA,5.0251,3.9698,2.351,NA,NA,NA,NA,NA,292.1968182,2.5582
1975-05-01,NA,NA,1.3405,1.0228,5.4585,NA,4.9383,3.9324,2.316,NA,NA,NA,NA,NA,291.4304762,2.5019
1975-06-01,NA,NA,1.3235,1.0306,5.4765,NA,4.9383,3.9355,2.1935,NA,NA,NA,NA,NA,293.4661905,2.5025
1975-07-01,NA,NA,1.3,1.0318,5.9595,NA,5.4201,4.2918,2.154,NA,NA,NA,NA,NA,296.3740909,2.6969
1975-08-01,NA,NA,1.277,1.0324,5.9773,NA,5.534,4.3687,2.11,NA,NA,NA,NA,NA,297.9761905,2.6846
1975-09-01,NA,NA,1.2535,1.0252,6.2035,NA,5.6915,4.4984,2.043,NA,NA,NA,NA,NA,299.9090476,2.745
1975-10-01,NA,NA,1.2685,1.0175,5.9737,NA,5.4615,4.3459,2.078,NA,NA,NA,NA,NA,302.3363636,2.6247
1975-11-01,NA,NA,1.257,1.0108,6.12,NA,5.5617,4.4228,2.02,NA,NA,NA,NA,NA,302.5452941,2.6767
1975-12-01,NA,NA,1.2545,1.0168,6.169,NA,5.5835,4.3956,2.0235,NA,NA,NA,NA,NA,305.67,2.6212
1976-01-01,NA,NA,1.2563,1.0011,6.1538,NA,5.5494,4.3783,2.0295,NA,NA,NA,NA,NA,304.6357143,2.6021
1976-02-01,NA,NA,1.258,0.9848,6.1805,NA,5.5432,4.386,2.0252,NA,NA,NA,NA,NA,301.5944444,2.5687
1976-03-01,NA,NA,1.2461,0.9843,6.0901,NA,5.531,4.4072,1.9159,NA,NA,NA,NA,NA,300.5182609,2.5387
1976-04-01,NA,NA,1.2365,0.9789,6.0132,NA,5.4794,4.3879,1.84,NA,NA,NA,NA,NA,299.1086364,2.5157
1976-05-01,NA,NA,1.227,0.98,6.1275,NA,5.5463,4.4444,1.7595,NA,NA,NA,NA,NA,299.004,2.4606
1976-06-01,NA,NA,1.2331,0.9688,6.1425,NA,5.5617,4.4484,1.785,NA,NA,NA,NA,NA,299.1909091,2.4685
1976-07-01,NA,NA,1.2405,0.9752,6.1312,NA,5.5371,4.4464,1.785,NA,NA,NA,NA,NA,294.6409524,2.482
1976-08-01,NA,NA,1.2437,0.9815,6.0606,NA,5.5066,4.4092,1.7775,NA,NA,NA,NA,NA,290.6259091,2.4783
1976-09-01,NA,NA,1.2348,0.9732,5.872,NA,5.322,4.2571,1.66,NA,NA,NA,NA,NA,287.3609524,2.445
1976-10-01,NA,NA,1.228,0.9722,5.8754,NA,5.2826,4.2123,1.588,NA,NA,NA,NA,NA,291.189,2.4331
1976-11-01,NA,NA,1.0099,1.0354,5.8858,NA,5.2438,4.1929,1.651,NA,NA,NA,NA,NA,295.1652632,2.445
1976-12-01,NA,NA,1.089,1.0094,5.7904,NA,5.1653,4.1237,1.701,NA,NA,NA,NA,NA,294.7017391,2.4474
1977-01-01,NA,NA,1.0868,1.02,5.9172,NA,5.3277,4.2517,1.715,NA,NA,NA,NA,NA,291.052381,2.5063
1977-02-01,NA,NA,1.096,1.0465,5.8858,NA,5.2659,4.2159,1.713,NA,NA,NA,NA,NA,285.0221053,2.5549
1977-03-01,NA,NA,1.1028,1.0571,5.8514,NA,5.2383,4.2017,1.72,NA,NA,NA,NA,NA,280.2265217,2.5439
1977-04-01,NA,NA,1.103,1.0476,5.963,NA,5.2798,4.3365,1.7192,NA,NA,NA,NA,NA,275.2071429,2.517
1977-05-01,NA,NA,1.103,1.0513,6.0168,NA,5.2632,4.3898,1.7191,NA,NA,NA,NA,NA,277.4261905,2.5047
1977-06-01,NA,NA,1.115,1.0599,6.0277,NA,5.3135,4.4033,1.7197,NA,NA,NA,NA,NA,272.8609091,2.4667
1977-07-01,NA,NA,1.1218,1.0689,6.0132,NA,5.291,4.3783,1.7365,NA,NA,NA,NA,NA,264.8631579,2.4096
1977-08-01,NA,NA,1.104,1.0748,6.19,NA,5.4645,4.8508,1.7428,NA,NA,NA,NA,NA,266.6773913,2.3946
1977-09-01,NA,NA,1.109,1.0737,6.1548,NA,5.5006,4.8263,1.7476,NA,NA,NA,NA,NA,266.77,2.3474
1977-10-01,NA,NA,1.1275,1.1083,6.0864,NA,5.457,4.7847,1.8395,NA,NA,NA,NA,NA,254.7445,2.2329
1977-11-01,NA,NA,1.126,1.1078,6.1463,NA,5.4025,4.8077,1.817,NA,NA,NA,NA,NA,244.7026316,2.1612
1977-12-01,NA,NA,1.138,1.0946,5.7637,NA,5.1282,4.6729,1.917,NA,NA,NA,NA,NA,241.0228571,1.9932
1978-01-01,NA,NA,1.138,1.1078,5.711,NA,5.1308,4.6468,1.9475,NA,NA,NA,NA,NA,241.0809524,1.9881
1978-02-01,NA,NA,1.1365,1.115,5.571,NA,5.2743,4.5872,1.941,NA,NA,NA,NA,NA,240.3722222,1.8205
1978-03-01,NA,NA,1.1416,1.1322,5.5556,NA,5.291,4.5683,1.862,NA,NA,NA,NA,NA,231.8573913,1.8315
1978-04-01,NA,NA,1.1322,1.1312,5.6529,NA,5.4025,4.6211,1.823,NA,NA,NA,NA,NA,221.857,1.9444
1978-05-01,NA,NA,1.1306,1.1231,5.6465,NA,5.4289,4.6296,1.8335,NA,NA,NA,NA,NA,226.1786364,1.8904
1978-06-01,NA,NA,1.1475,1.1247,5.6465,NA,5.4025,4.5735,1.861,NA,NA,NA,NA,NA,214.1063636,1.8512
1978-07-01,NA,NA,1.1574,1.1315,5.5432,NA,5.3447,4.5086,1.931,NA,NA,NA,NA,NA,199.6955,1.7361
1978-08-01,NA,NA,1.15,1.1513,5.5066,NA,5.237,4.4366,1.943,NA,NA,NA,NA,NA,188.7095652,1.6407
1978-09-01,NA,NA,1.155,1.1836,5.36,NA,5.141,4.4115,1.975,NA,NA,NA,NA,NA,189.9195,1.55
1978-10-01,NA,NA,1.181,1.1671,4.83,NA,4.74,4.15,2.076,NA,NA,NA,NA,NA,183.6309524,1.5
1978-11-01,NA,NA,1.1345,1.1718,5.3505,NA,5.118,4.4445,1.944,NA,NA,NA,NA,NA,192.1425,1.735
1978-12-01,NA,NA,1.15,1.1867,5.075,NA,5.005,4.286,2.0415,NA,NA,NA,NA,NA,195.955,1.62
1979-01-01,NA,NA,1.1336,1.2004,5.18,NA,5.144,4.4,1.9896,NA,NA,NA,NA,NA,197.755,1.7
1979-02-01,NA,NA,1.128,1.1937,5.182,NA,5.081,4.359,2.0234,NA,NA,NA,NA,NA,200.5072222,1.674
1979-03-01,NA,NA,1.1183,1.1606,5.192,NA,5.106,4.368,2.0625,NA,NA,NA,NA,NA,206.3236364,1.695
1979-04-01,NA,NA,1.1025,1.1422,5.3075,NA,5.169,4.399,2.068,NA,NA,NA,NA,NA,216.2852381,1.7215
1979-05-01,NA,NA,1.106,1.1608,5.488,NA,5.185,4.388,2.07,NA,NA,NA,NA,NA,218.4140909,1.725
1979-06-01,NA,NA,1.1195,1.168,5.285,NA,5.083,4.27,2.181,NA,NA,NA,NA,NA,218.5966667,1.654
1979-07-01,NA,NA,1.129,1.1697,5.275,NA,5.047,4.216,2.2475,NA,NA,NA,NA,NA,216.51,1.659
1979-08-01,NA,NA,1.1274,1.1663,5.275,NA,5.033,4.217,2.2527,NA,NA,NA,NA,NA,217.9256522,1.6562
1979-09-01,NA,NA,1.1285,1.1606,5.0875,NA,4.875,4.128,2.203,NA,NA,NA,NA,NA,222.4136842,1.554
1979-10-01,NA,NA,1.0972,1.1845,5.32,NA,5.013,4.2545,2.0745,NA,NA,NA,NA,NA,230.4845455,1.6605
1979-11-01,NA,NA,1.0942,1.1706,5.346,NA,4.977,4.18,2.199,NA,NA,NA,NA,NA,244.9842105,1.598
1979-12-01,NA,NA,1.1057,1.1684,5.356,NA,4.927,4.153,2.2185,NA,NA,NA,NA,NA,240.3745,1.595
1980-01-01,NA,NA,1.1067,1.1585,5.453,NA,4.87,4.167,2.2667,NA,NA,NA,NA,NA,237.8886364,1.638
1980-02-01,NA,NA,1.097,1.145,5.514,NA,4.9115,4.213,2.273,NA,NA,NA,NA,NA,244.35,1.7025
1980-03-01,NA,NA,1.0818,1.1915,6.055,NA,5.182,4.48,2.16,NA,NA,NA,NA,NA,248.4785714,1.8515
1980-04-01,NA,NA,1.115,1.1881,5.638,NA,4.934,4.208,2.2585,NA,NA,NA,NA,NA,250.275,1.6675
1980-05-01,NA,NA,1.1428,1.1588,5.527,NA,4.864,4.19,2.3425,NA,NA,NA,NA,NA,228.6285714,1.662
1980-06-01,NA,NA,1.155,1.1512,5.463,NA,4.844,4.16,2.3555,NA,NA,NA,NA,NA,217.917619,1.6298
1980-07-01,NA,NA,1.1515,1.1619,5.503,NA,4.885,4.169,2.3425,NA,NA,NA,NA,NA,221.1363636,1.648
1980-08-01,NA,NA,1.1648,1.1576,5.5545,NA,4.844,4.173,2.396,NA,NA,NA,NA,NA,223.9138095,1.649
1980-09-01,NA,NA,1.171,1.1705,5.5915,NA,4.8675,4.161,2.387,NA,NA,NA,NA,NA,214.4166667,1.6535
1980-10-01,NA,NA,1.172,1.1753,5.855,NA,4.962,4.252,2.4365,NA,NA,NA,NA,NA,209.3227273,1.715
1980-11-01,NA,NA,1.164,1.1899,5.9165,NA,5.0425,4.3285,2.3575,NA,NA,NA,NA,NA,213.1058824,1.7385
1980-12-01,NA,NA,1.1814,1.1945,6.01,NA,5.1825,4.3825,2.389,NA,NA,NA,NA,NA,209.4886364,1.7875
1981-01-01,NA,NA,1.1784,1.1943,6.555,NA,5.4825,4.6,2.3655,NA,NA,NA,NA,NA,202.3666667,1.932
1981-02-01,NA,NA,1.155,1.2013,6.65,NA,5.462,4.64,2.204,NA,NA,NA,NA,NA,205.7166667,1.962
1981-03-01,NA,NA,1.1669,1.1873,6.64,NA,5.39,4.61,2.2325,NA,NA,NA,NA,NA,208.7918182,1.928
1981-04-01,NA,NA,1.1492,1.1962,6.9655,NA,5.541,4.75,2.1395,NA,NA,NA,NA,NA,214.9759091,2.021
1981-05-01,NA,NA,1.1387,1.2037,7.332,NA,5.744,4.95,2.07,NA,NA,NA,NA,NA,220.6285,2.0758
1981-06-01,NA,NA,1.1478,1.2006,7.5135,NA,6.014,5.088,1.93,NA,NA,NA,NA,NA,224.1804545,2.0495
1981-07-01,NA,NA,1.1352,1.2339,7.768,NA,6.1375,5.228,1.84,NA,NA,NA,NA,NA,232.326087,2.1485
1981-08-01,NA,NA,1.1495,1.202,7.652,NA,6.078,5.217,1.845,NA,NA,NA,NA,NA,233.3261905,2.142
1981-09-01,NA,NA,1.1428,1.2069,7.3025,NA,5.93,5.605,1.803,NA,NA,NA,NA,NA,229.4809524,1.975
1981-10-01,NA,NA,1.137,1.203,7.245,NA,5.9425,5.564,1.862,NA,NA,NA,NA,NA,231.5190476,1.835
1981-11-01,NA,NA,1.1518,1.1766,7.1125,NA,5.71,5.4375,1.955,NA,NA,NA,NA,NA,223.1266667,1.7725
1981-12-01,NA,NA,1.128,1.1863,7.29,NA,5.765,5.49,1.915,NA,NA,NA,NA,NA,218.9545455,1.788
1982-01-01,NA,NA,1.093,1.1967,7.6025,NA,5.8975,5.685,1.879,NA,NA,NA,NA,NA,224.805,1.846
1982-02-01,NA,NA,1.0735,1.229,7.9875,NA,6.0235,5.7975,1.82,NA,NA,NA,NA,NA,235.3055556,1.899
1982-03-01,NA,NA,1.0494,1.2305,8.228,NA,6.106,5.937,1.781,NA,NA,NA,NA,NA,241.2282609,1.9385
1982-04-01,NA,NA,1.0614,1.2197,7.96,NA,5.9725,5.795,1.7945,NA,NA,NA,NA,NA,244.1068182,1.957
1982-05-01,NA,NA,1.0503,1.244,7.99,NA,6.0235,5.85,1.791,NA,NA,NA,NA,NA,236.9635,1.9975
1982-06-01,NA,NA,1.0221,1.2929,8.51,NA,6.265,6.12,1.7355,NA,NA,NA,NA,NA,251.1977273,2.0995
1982-07-01,NA,NA,0.989,1.2556,8.57,NA,6.47,6.11,1.738,NA,NA,NA,NA,NA,255.0309524,2.1
1982-08-01,NA,NA,0.9642,1.2392,8.715,NA,6.72,6.1475,1.7205,NA,NA,NA,NA,NA,259.0454545,2.127
1982-09-01,NA,NA,0.9495,1.2363,8.8475,NA,6.97,6.28,1.6945,NA,NA,NA,NA,NA,263.2857143,2.171
1982-10-01,NA,NA,0.9358,1.2261,9.01,NA,7.245,7.456,1.677,NA,NA,NA,NA,NA,271.615,2.2075
1982-11-01,NA,NA,0.9579,1.2373,8.67,NA,7.025,7.378,1.632,NA,NA,NA,NA,NA,264.0878947,2.1175
1982-12-01,NA,NA,0.98,1.2297,8.38,NA,7.06,7.31,1.618,NA,NA,NA,NA,NA,241.9413043,2.0075
1983-01-01,NA,NA,0.9677,1.2367,8.655,NA,7.19,7.505,1.5202,NA,NA,NA,NA,NA,232.7309524,2.015
1983-02-01,NA,NA,0.9545,1.229,8.67,NA,7.1675,7.4825,1.5115,NA,NA,NA,NA,NA,236.1210526,2.0625
1983-03-01,NA,NA,0.8642,1.2341,8.625,NA,7.22,7.55,1.4825,NA,NA,NA,NA,NA,238.2543478,2.0855
1983-04-01,NA,NA,0.8671,1.2262,8.77,NA,7.118,7.505,1.5573,NA,NA,NA,NA,NA,237.7466667,2.073
1983-05-01,NA,NA,0.8811,1.23,9.04,NA,7.155,7.5425,1.6005,NA,NA,NA,NA,NA,234.7557143,2.096
1983-06-01,NA,NA,0.8753,1.2276,9.1225,NA,7.296,7.63,1.533,NA,NA,NA,NA,NA,240.0313636,2.1025
1983-07-01,NA,NA,0.8801,1.234,9.515,NA,7.385,7.753,1.52,NA,NA,NA,NA,NA,240.516,2.1345
1983-08-01,NA,NA,0.8782,1.234,9.712,NA,7.495,7.925,1.494,NA,NA,NA,NA,NA,244.4613043,2.187
1983-09-01,NA,NA,0.8971,1.233,9.5025,NA,7.338,7.81,1.4977,NA,NA,NA,NA,NA,242.3461905,2.12
1983-10-01,NA,NA,0.9135,1.2326,9.4865,NA,7.386,7.8255,1.4952,NA,NA,NA,NA,NA,232.8855,2.143
1983-11-01,NA,NA,0.9147,1.2392,9.7575,NA,7.4975,7.96,1.463,NA,NA,NA,NA,NA,235.03,2.1615
1983-12-01,NA,NA,0.8965,1.2445,9.88,NA,7.71,8.01,1.4515,NA,NA,NA,NA,NA,234.462381,2.179
1984-01-01,NA,NA,0.9172,1.2493,10.215,NA,7.882,8.188,1.4012,NA,NA,NA,NA,NA,233.8,2.253
1984-02-01,NA,NA,0.9435,1.2519,9.535,NA,7.5025,7.77,1.4905,NA,NA,NA,NA,NA,233.5963158,2.168
1984-03-01,NA,NA,0.9362,1.2766,9.52,NA,7.51,7.72,1.4375,NA,NA,NA,NA,NA,225.2663636,2.1525
1984-04-01,NA,NA,0.919,1.2845,9.971,NA,7.733,7.985,1.398,NA,NA,NA,NA,NA,225.2,2.2465
1984-05-01,NA,NA,0.899,1.2946,10.049,NA,7.7915,8.082,1.3855,NA,NA,NA,NA,NA,230.4777273,2.26
1984-06-01,NA,NA,0.8615,1.3199,10.2025,NA,7.986,8.1795,1.3575,NA,NA,NA,NA,NA,233.5657143,2.331
1984-07-01,NA,NA,0.8265,1.3115,10.62,NA,8.36,8.43,1.3073,NA,NA,NA,NA,NA,243.067619,2.4725
1984-08-01,NA,NA,0.8488,1.2974,10.5125,NA,8.29,8.32,1.3075,NA,NA,NA,NA,NA,242.2608696,2.4095
1984-09-01,NA,NA,0.829,1.3183,11.1175,NA,8.86,8.687,1.234,NA,NA,NA,NA,NA,245.4568421,2.533
1984-10-01,NA,NA,0.8502,1.315,10.9685,NA,8.812,8.661,1.2185,NA,NA,NA,NA,NA,246.7545455,2.494
1984-11-01,NA,NA,0.8572,1.3242,11.186,NA,8.9735,8.84,1.197,NA,NA,NA,NA,NA,243.6305263,2.555
1984-12-01,NA,NA,0.825,1.3217,11.285,NA,9.09,8.985,1.158,NA,NA,NA,NA,NA,247.964,2.601
1985-01-01,NA,NA,0.8138,1.3272,11.2925,NA,9.16,9.04,1.1305,NA,NA,NA,NA,NA,254.1828571,2.675
1985-02-01,NA,NA,0.71,1.3835,11.96,NA,9.6,9.48,1.079,NA,NA,NA,NA,NA,260.4777778,2.857
1985-03-01,NA,NA,0.7,1.3675,11.02,NA,8.89,8.92,1.236,NA,NA,NA,NA,NA,257.9204762,2.6
1985-04-01,NA,NA,0.6445,1.367,11.1875,NA,8.9475,9.0125,1.241,NA,NA,NA,NA,NA,251.8454545,2.6
1985-05-01,NA,NA,0.6632,1.3745,11,NA,8.82,8.87,1.286,NA,NA,NA,NA,NA,251.7295455,2.575
1985-06-01,NA,NA,0.6685,1.3592,10.875,NA,8.8745,8.7425,1.3095,NA,NA,NA,NA,NA,248.84,2.541
1985-07-01,NA,NA,0.7226,1.354,10.0825,NA,8.205,8.285,1.411,NA,NA,NA,NA,NA,241.1363636,2.294
1985-08-01,NA,NA,0.7015,1.3659,10.2,NA,8.255,8.325,1.391,NA,NA,NA,NA,NA,237.4609091,2.31
1985-09-01,NA,NA,0.702,1.371,9.762,NA,7.975,8.05,1.4085,NA,NA,NA,NA,NA,236.5275,2.195
1985-10-01,NA,NA,0.699,1.3668,9.506,NA,7.8725,7.876,1.4405,NA,NA,NA,NA,NA,214.6804545,2.151
1985-11-01,NA,NA,0.6859,1.384,9.11,NA,7.594,7.6355,1.489,NA,NA,NA,NA,NA,204.0736842,2.081
1985-12-01,NA,NA,0.6818,1.3985,8.935,NA,7.58,7.575,1.445,NA,NA,NA,NA,NA,202.7880952,2.06
1986-01-01,NA,18.95,0.7138,1.4233,8.825,NA,7.4575,7.5325,1.412,NA,NA,NA,NA,NA,199.8904762,2.036
1986-02-01,NA,13.23,0.6993,1.423,8.25,NA,7.0325,7.2005,1.446,NA,NA,NA,NA,NA,184.8515789,1.888
1986-03-01,NA,10.25,0.7116,1.397,8.654,NA,7.3,7.37,1.4735,NA,NA,NA,NA,NA,178.6938095,1.956
1986-04-01,NA,13.38,0.7407,1.3738,8.02,NA,6.9575,7.007,1.551,NA,NA,NA,NA,NA,175.0918182,1.813
1986-05-01,NA,14.3,0.7148,1.3797,8.6055,NA,7.84,7.3905,1.4723,NA,NA,NA,NA,NA,167.0314286,1.9335
1986-06-01,NA,12.8,0.6735,1.387,8.155,NA,7.5075,7.128,1.532,NA,NA,NA,NA,NA,167.5419048,1.7965
1986-07-01,NA,11.23,0.5959,1.3795,7.906,NA,7.419,6.976,1.4915,NA,NA,NA,NA,NA,158.6059091,1.678
1986-08-01,NA,15.93,0.609,1.3881,7.7,NA,7.3,6.89,1.488,NA,NA,NA,NA,NA,154.1771429,1.641
1986-09-01,NA,14.7,0.6279,1.3888,7.661,NA,7.36,6.91,1.4468,NA,NA,NA,NA,NA,154.7314286,1.647
1986-10-01,NA,15.25,0.6408,1.3905,7.771,NA,7.519,7.038,1.4055,NA,NA,NA,NA,NA,156.4722727,1.711
1986-11-01,NA,15,0.6504,1.384,7.4575,NA,7.511,6.8775,1.4335,NA,NA,NA,NA,NA,162.8494444,1.643
1986-12-01,NA,17.93,0.6653,1.381,7.2875,NA,7.375,6.741,1.4825,NA,NA,NA,NA,NA,162.0522727,1.614
1987-01-01,NA,18.73,0.6618,1.339,6.945,NA,7.05,6.5425,1.514,NA,NA,NA,NA,NA,154.8295,1.546
1987-02-01,NA,16.45,0.677,1.3332,6.893,NA,7,6.475,1.546,NA,NA,NA,NA,NA,153.4068421,1.5385
1987-03-01,NA,18.82,0.7045,1.3053,6.825,NA,6.815,6.325,1.607,NA,NA,NA,NA,NA,151.4331818,1.5055
1987-04-01,NA,18.76,0.702,1.3371,6.772,NA,6.7225,6.284,1.6605,NA,NA,NA,NA,NA,142.8986364,1.477
1987-05-01,NA,19.36,0.7122,1.3388,6.867,NA,6.762,6.362,1.6295,NA,NA,NA,NA,NA,140.479,1.5125
1987-06-01,19.08,20.22,0.7209,1.3315,6.93,NA,6.706,6.386,1.6128,NA,NA,NA,NA,NA,144.5495455,1.5155
1987-07-01,20.03,21.43,0.6982,1.328,7.064,NA,6.8095,6.489,1.591,NA,NA,NA,NA,NA,150.293913,1.5385
1987-08-01,18.63,19.76,0.7145,1.3196,6.978,NA,6.662,6.376,1.6328,NA,NA,NA,NA,NA,147.3342857,1.4935
1987-09-01,18.48,19.62,0.7088,1.3095,7.085,NA,6.73,6.458,1.6248,NA,NA,NA,NA,NA,143.2909524,1.5336
1987-10-01,18.8,19.96,0.67,1.3162,6.682,NA,6.57,6.2,1.7215,NA,NA,NA,NA,NA,143.32,1.429
1987-11-01,17.7,18.52,0.705,1.3081,6.3375,NA,6.4,5.961,1.8256,NA,NA,NA,NA,NA,135.3973684,1.3455
1987-12-01,17.6,16.74,0.722,1.3002,6.06,NA,6.22,5.795,1.886,NA,NA,NA,NA,NA,128.2418182,1.2715
1988-01-01,16.28,16.97,0.708,1.276,6.43,NA,6.3825,6.032,1.7691,NA,NA,NA,NA,NA,127.6852632,1.3673
1988-02-01,14.73,15.98,0.7186,1.2606,6.458,NA,6.3555,5.992,1.7735,NA,NA,NA,NA,NA,129.1665,1.3925
1988-03-01,15.65,17.09,0.7412,1.2342,6.36,NA,6.235,5.871,1.8865,NA,NA,NA,NA,NA,127.113913,1.3625
1988-04-01,16.6,18.1,0.7576,1.2292,6.455,NA,6.175,5.875,1.8785,NA,NA,NA,NA,NA,124.897619,1.3935
1988-05-01,16.2,17.54,0.8021,1.2339,6.58,NA,6.265,5.9925,1.8382,NA,NA,NA,NA,NA,124.7871429,1.4438
1988-06-01,14.18,15.2,0.7945,1.213,6.9,NA,6.64,6.285,1.7085,NA,NA,NA,NA,NA,127.4654545,1.506
1988-07-01,15.75,16.37,0.8025,1.2107,7.1205,NA,6.79,6.419,1.71,NA,NA,NA,NA,NA,133.0215,1.562
1988-08-01,14.4,15.19,0.8038,1.24,7.222,NA,6.932,6.493,1.6825,NA,NA,NA,NA,NA,133.766087,1.585
1988-09-01,11.93,13.33,0.783,1.2173,7.195,NA,6.918,6.425,1.691,NA,NA,NA,NA,NA,134.317619,1.5835
1988-10-01,12.6,13.54,0.82,1.2197,6.889,NA,6.65,6.195,1.769,NA,NA,NA,NA,NA,128.6805,1.5015
1988-11-01,14.35,15.42,0.875,1.1878,6.691,NA,6.491,6.0415,1.8493,NA,NA,NA,NA,NA,123.202,1.4535
1988-12-01,16.23,17.12,0.8535,1.1928,6.8575,NA,6.565,6.131,1.8085,NA,NA,NA,NA,NA,123.607619,1.502
1989-01-01,16.38,17,0.8874,1.1835,7.29,NA,6.7645,6.36,1.75,NA,NA,NA,NA,NA,127.3625,1.5997
1989-02-01,17.23,18.21,0.7988,1.199,7.115,NA,6.709,6.287,1.744,NA,NA,NA,NA,NA,127.7373684,1.5549
1989-03-01,20.45,20.27,0.819,1.1936,7.38,NA,6.89,6.443,1.6852,NA,NA,NA,NA,NA,130.5504348,1.6625
1989-04-01,20.15,20.38,0.794,1.1865,7.3215,NA,6.831,6.388,1.689,NA,NA,NA,NA,NA,132.0365,1.6735
1989-05-01,18.25,19.93,0.7522,1.2062,7.701,NA,7.154,6.664,1.5715,NA,NA,NA,NA,NA,137.8636364,1.706
1989-06-01,18.28,20.29,0.7557,1.1985,7.609,NA,7.1375,6.657,1.549,NA,NA,NA,NA,NA,143.9809091,1.679
1989-07-01,16.3,18.33,0.7563,1.1809,7.265,NA,6.855,6.384,1.666,NA,NA,NA,NA,NA,140.424,1.6065
1989-08-01,17.2,18.83,0.7647,1.1763,7.614,NA,7.1408,6.621,1.573,NA,NA,NA,NA,NA,141.4852174,1.688
1989-09-01,18.23,20.15,0.7748,1.1789,7.3085,NA,6.9175,6.431,1.6145,NA,NA,NA,NA,NA,145.07,1.6228
1989-10-01,18.93,19.88,0.7826,1.1741,7.163,NA,6.907,6.42,1.5775,NA,NA,NA,NA,NA,142.2066667,1.6145
1989-11-01,18.48,19.87,0.7825,1.1633,6.9175,NA,6.807,6.38,1.5695,NA,NA,NA,NA,NA,143.5342857,1.5915
1989-12-01,21.05,21.84,0.7893,1.158,6.591,NA,6.602,6.2065,1.6145,NA,NA,NA,NA,NA,143.685,1.541
1990-01-01,20.5,22.69,0.7685,1.1858,6.5315,NA,6.513,6.16,1.6794,NA,NA,NA,NA,NA,144.9819048,1.504
1990-02-01,19.2,21.55,0.7601,1.1923,6.52,NA,6.529,6.1265,1.6892,NA,NA,NA,NA,NA,145.6931579,1.4915
1990-03-01,17.95,20.34,0.7548,1.1705,6.4545,NA,6.5455,6.114,1.648,NA,NA,NA,NA,NA,153.3081818,1.4975
1990-04-01,16.35,18.5,0.75,1.1654,6.3895,NA,6.53,6.098,1.6389,NA,NA,NA,NA,NA,158.4585714,1.4505
1990-05-01,15.3,17.47,0.7678,1.1745,6.46,NA,6.51,6.133,1.6765,NA,NA,NA,NA,NA,154.0440909,1.433
1990-06-01,15.73,17.05,0.7916,1.1665,6.339,NA,6.409,6.0375,1.745,NA,NA,NA,NA,NA,153.6957143,1.4155
1990-07-01,19.23,20.57,0.7938,1.153,6.05,NA,6.1465,5.813,1.86,NA,NA,NA,NA,NA,149.0395238,1.3477
1990-08-01,27.8,27.45,0.816,1.1545,6.0415,NA,6.09,5.789,1.892,NA,NA,NA,NA,NA,147.4608696,1.3085
1990-09-01,41,39.53,0.8254,1.1565,5.978,NA,6.065,5.763,1.8735,NA,NA,NA,NA,NA,138.4405263,1.2995
1990-10-01,34.3,35.31,0.7848,1.1678,5.793,NA,5.894,5.641,1.944,NA,NA,NA,NA,NA,129.5909091,1.287
1990-11-01,31.2,29.08,0.774,1.1658,5.7465,NA,5.846,5.6185,1.9392,NA,NA,NA,NA,NA,129.2155,1.2765
1990-12-01,28.35,28.48,0.772,1.1605,5.779,NA,5.8695,5.6335,1.9285,NA,NA,NA,NA,NA,133.889,1.277
1991-01-01,20.7,21.9,0.7826,1.1629,5.6945,NA,5.785,5.533,1.965,NA,NA,NA,NA,NA,133.6985714,1.258
1991-02-01,19.5,19.28,0.7853,1.1499,5.864,NA,5.969,5.67,1.91,NA,NA,NA,NA,NA,130.5357895,1.3265
1991-03-01,18,19.63,0.773,1.1595,6.495,NA,6.6025,6.13,1.7485,NA,NA,NA,NA,NA,137.3866667,1.445
1991-04-01,19.7,20.99,0.7814,1.152,6.566,NA,6.7,6.148,1.7225,NA,NA,NA,NA,NA,137.1127273,1.449
1991-05-01,19,21.16,0.7594,1.1453,6.676,NA,6.7765,6.2375,1.698,NA,NA,NA,NA,NA,138.2218182,1.4822
1991-06-01,18.48,20.56,0.767,1.1424,6.94,NA,7.0015,6.4915,1.618,NA,NA,NA,NA,NA,139.7475,1.5582
1991-07-01,19.65,21.7,0.778,1.1519,6.762,NA,6.821,6.336,1.6845,NA,NA,NA,NA,NA,137.83,1.526
1991-08-01,20.53,22.28,0.7852,1.1422,6.7445,NA,6.83,6.344,1.68,NA,NA,NA,NA,NA,136.8163636,1.5285
1991-09-01,21.43,22.25,0.7995,1.1318,6.415,NA,6.506,6.0685,1.752,NA,NA,NA,NA,NA,134.2995,1.449
1991-10-01,22,23.29,0.7791,1.123,6.473,NA,6.534,6.0775,1.7425,NA,NA,NA,NA,NA,130.7722727,1.465
1991-11-01,20.08,21.48,0.7844,1.135,6.322,NA,6.39,5.9565,1.7655,NA,NA,NA,NA,NA,129.6321053,1.436
1991-12-01,17.75,19.15,0.7593,1.1558,5.922,NA,5.985,5.555,1.866,NA,NA,NA,NA,NA,128.0395238,1.3615
1992-01-01,18.15,18.93,0.7521,1.1752,6.229,NA,6.304,5.838,1.789,NA,NA,NA,NA,NA,125.4614286,1.429
1992-02-01,17.45,18.69,0.7538,1.182,6.347,NA,6.4185,5.9375,1.756,NA,NA,NA,NA,NA,127.6989474,1.4845
1992-03-01,19.09,19.49,0.77,1.1902,6.3885,NA,6.464,5.976,1.7363,NA,NA,NA,NA,NA,132.8627273,1.502
1992-04-01,19.65,20.88,0.7565,1.196,6.398,NA,6.4555,5.966,1.775,NA,NA,NA,NA,NA,133.5395455,1.517
1992-05-01,20.7,22.13,0.7568,1.2048,6.182,NA,6.2575,5.7875,1.829,NA,NA,NA,NA,NA,130.771,1.4562
1992-06-01,20.6,21.84,0.7477,1.1972,5.8555,NA,5.969,5.5045,1.9035,NA,NA,NA,NA,NA,126.8354545,1.3747
1992-07-01,20.38,21.83,0.7443,1.1845,5.6925,NA,5.8195,5.3755,1.92,NA,NA,NA,NA,NA,125.8817391,1.3195
1992-08-01,19.65,21.46,0.7156,1.1952,5.423,NA,5.551,5.126,1.9893,NA,NA,NA,NA,NA,126.2309524,1.2465
1992-09-01,20.18,21.83,0.7139,1.248,5.48,NA,5.7415,5.304,1.779,NA,NA,NA,NA,NA,122.5966667,1.2372
1992-10-01,19.13,20.68,0.6952,1.2405,5.9235,NA,6.284,5.807,1.5625,NA,NA,NA,NA,NA,121.1652381,1.377
1992-11-01,19.25,19.91,0.6822,1.2861,6.171,NA,6.4925,6.843,1.5135,NA,NA,NA,NA,NA,123.88,1.4375
1992-12-01,17.85,19.49,0.689,1.2714,6.277,NA,6.948,7.079,1.513,NA,NA,NA,NA,NA,124.0409091,1.466
1993-01-01,18.48,20.27,0.6793,1.27,6.21,NA,6.8425,7.3,1.4855,NA,NA,NA,NA,NA,124.9931579,1.488
1993-02-01,18.83,20.53,0.6955,1.2498,6.31,NA,6.9975,7.8125,1.4215,NA,NA,NA,NA,NA,120.7594737,1.526
1993-03-01,18.7,20.44,0.7044,1.2573,6.184,NA,6.8495,7.7275,1.509,NA,NA,NA,NA,NA,117.0173913,1.4915
1993-04-01,18.85,20.54,0.7045,1.2702,6.11,NA,6.725,7.325,1.5695,NA,NA,NA,NA,NA,112.4113636,1.435
1993-05-01,18.43,20.04,0.6862,1.2707,6.085,NA,6.7415,7.174,1.5605,NA,NA,NA,NA,NA,110.343,1.4185
1993-06-01,17.43,18.82,0.6663,1.2823,6.5625,NA,7.21,7.735,1.493,NA,NA,NA,NA,NA,107.4118182,1.5105
1993-07-01,16.85,17.94,0.688,1.2844,6.7775,NA,7.4625,8.24,1.485,NA,NA,NA,NA,NA,107.6914286,1.523
1993-08-01,16.73,18.24,0.671,1.3208,6.88,NA,7.29,8.175,1.4868,NA,NA,NA,NA,NA,103.765,1.4805
1993-09-01,17.23,18.72,0.645,1.336,6.5975,NA,7.138,8.08,1.496,NA,NA,NA,NA,NA,105.5747619,1.431
1993-10-01,15.43,16.97,0.6655,1.322,6.756,NA,7.329,8.144,1.4882,NA,NA,NA,NA,NA,107.02,1.483
1993-11-01,14.23,15.36,0.6584,1.3372,6.8095,NA,7.4675,8.481,1.4852,NA,NA,NA,NA,NA,107.8765,1.5002
1993-12-01,13.18,14.19,0.6783,1.3255,6.7905,NA,7.532,8.34,1.4775,NA,NA,NA,3.108,NA,109.9130435,1.488
1994-01-01,14.83,15.24,0.7085,1.327,6.7505,NA,7.4695,7.902,1.5005,NA,NA,NA,3.106,NA,111.4415,1.4627
1994-02-01,13.59,14.5,0.712,1.3522,6.672,NA,7.3875,7.9755,1.4875,NA,NA,NA,3.195,NA,106.3010526,1.425
1994-03-01,13.25,14.78,0.7015,1.3838,6.566,NA,7.255,7.823,1.488,NA,NA,NA,3.365,NA,105.0973913,1.4097
1994-04-01,15.35,16.92,0.7135,1.3818,6.51,NA,7.198,7.6575,1.5118,NA,NA,NA,3.28,NA,103.4842857,1.411
1994-05-01,16.18,18.3,0.7385,1.3845,6.4523,NA,7.1344,7.8105,1.512,NA,NA,NA,3.332,NA,103.7533333,1.4033
1994-06-01,17.45,19.37,0.731,1.3825,6.222,NA,6.915,7.659,1.5483,NA,NA,NA,3.4,NA,102.5263636,1.3325
1994-07-01,18.48,20.3,0.7389,1.3835,6.2405,NA,6.9235,7.784,1.5415,NA,NA,NA,3.405,NA,98.445,1.3445
1994-08-01,16.03,17.6,0.7444,1.3712,6.2355,NA,6.9185,7.723,1.5362,NA,NA,NA,3.389,NA,99.94043478,1.3315
1994-09-01,16.73,18.36,0.74,1.341,6.0835,NA,6.7885,7.4915,1.577,NA,NA,NA,3.399,NA,98.77428571,1.2865
1994-10-01,17.18,18.16,0.742,1.3527,5.886,NA,6.5415,7.1935,1.635,NA,NA,NA,3.438,NA,98.353,1.255
1994-11-01,16.95,18.06,0.7689,1.3752,6.14,NA,6.824,7.536,1.567,NA,NA,NA,3.44,NA,98.044,1.325
1994-12-01,16.23,17.77,0.7753,1.403,6.084,NA,6.764,7.4295,1.5665,NA,NA,NA,5,NA,100.182381,1.31
1995-01-01,16.8,18.48,0.7575,1.4092,6.013,NA,6.68,7.5015,1.5815,NA,NA,0.841,5.82,NA,99.766,1.2845
1995-02-01,17.23,18.52,0.738,1.3937,5.7945,NA,6.45,7.3345,1.584,NA,NA,0.851,5.97,NA,98.23684211,1.2332
1995-03-01,17.98,19.18,0.7325,1.3993,5.4495,NA,6.1695,7.395,1.619,NA,NA,0.9,6.82,NA,90.51956522,1.133
1995-04-01,18.98,20.36,0.7272,1.3597,5.4395,NA,6.2315,7.2695,1.6091,NA,NA,0.913,6.05,NA,83.6895,1.1455
1995-05-01,17.58,18.88,0.719,1.3698,5.5225,NA,6.2825,7.346,1.5865,NA,NA,0.908,6.16,NA,85.11272727,1.1675
1995-06-01,16.58,17.38,0.7108,1.3738,5.4015,NA,6.1655,7.29,1.5905,NA,NA,0.921,6.255,NA,84.63545455,1.1515
1995-07-01,15.78,17.62,0.7387,1.3695,5.3845,NA,6.139,7.072,1.598,NA,NA,0.9353,6.115,NA,87.397,1.1505
1995-08-01,16.2,17.89,0.7517,1.3432,5.6985,NA,6.4205,7.3065,1.5515,NA,NA,0.95,6.3,NA,94.73826087,1.206
1995-09-01,16.58,17.54,0.7555,1.3445,5.5445,NA,6.284,6.9365,1.5795,NA,NA,0.9531,6.385,NA,100.5455,1.156
1995-10-01,16.58,17.67,0.7615,1.3401,5.4645,NA,6.2295,6.647,1.5807,NA,NA,0.962,7.15,NA,100.8390476,1.136
1995-11-01,17.13,18.27,0.7424,1.3587,5.607,NA,6.3725,6.56,1.5302,NA,NA,0.9661,7.55,NA,101.94,1.1755
1995-12-01,18.65,19.54,0.7432,1.3655,5.545,NA,6.321,6.629,1.5535,NA,NA,0.9706,7.74,NA,101.8495,1.154
1996-01-01,16.63,17.76,0.7443,1.3743,5.765,NA,6.519,6.947,1.5096,NA,NA,0.9782,7.44,NA,105.7514286,1.2123
1996-02-01,18.8,19.59,0.7643,1.3728,5.6835,NA,6.406,6.754,1.532,NA,NA,0.985,7.635,NA,105.788,1.199
1996-03-01,20.33,21.43,0.7815,1.3635,5.701,NA,6.415,6.6824,1.5262,NA,NA,0.988,7.5375,NA,105.94,1.1897
1996-04-01,19.5,20.95,0.7854,1.3615,5.905,NA,6.574,6.7875,1.505,NA,NA,0.9925,7.44,NA,107.1995455,1.2415
1996-05-01,18.1,19.77,0.798,1.3704,5.894,NA,6.523,6.731,1.5495,NA,NA,0.9981,7.4275,NA,106.3422727,1.251
1996-06-01,19.28,20.92,0.7856,1.3657,5.863,NA,6.4955,6.6275,1.5529,NA,NA,1.006,7.585,NA,108.96,1.2505
1996-07-01,19,20.46,0.7735,1.3747,5.6915,NA,6.37,6.613,1.5556,NA,NA,1.0107,7.59,NA,109.1909091,1.1978
1996-08-01,20.98,22.25,0.791,1.3685,5.719,NA,6.412,6.626,1.5612,NA,NA,1.0165,7.59,NA,107.8659091,1.2009
1996-09-01,24.15,24.2,0.7912,1.362,5.86,NA,6.507,6.632,1.5653,NA,NA,1.0211,7.55,NA,109.931,1.2555
1996-10-01,22.8,23.25,0.793,1.3409,5.8175,NA,6.377,6.575,1.6278,NA,NA,1.0275,8.045,NA,112.4122727,1.2623
1996-11-01,23.17,23.7,0.8137,1.3489,5.8914,NA,6.4172,6.718,1.682,NA,NA,1.0331,7.895,NA,112.2957895,1.3033
1996-12-01,23.9,25.9,0.7944,1.3697,5.893,NA,6.375,6.825,1.7123,NA,NA,1.0393,7.881,NA,113.9809524,1.339
1997-01-01,23.28,24.15,0.7625,1.3474,6.2515,NA,6.4915,7.243,1.6012,NA,NA,1.0457,7.82,NA,117.912381,1.419
1997-02-01,19.44,20.3,0.7765,1.367,6.434,NA,6.7268,7.4909,1.6287,NA,NA,1.0512,7.965,NA,122.9621053,1.4735
1997-03-01,18.53,20.35,0.784,1.3835,6.357,NA,6.595,7.54,1.6448,NA,NA,1.0595,7.93,NA,122.7738095,1.4383
1997-04-01,18.25,20.2,0.7795,1.3971,6.596,NA,7.124,7.85,1.62,NA,NA,1.0635,7.945,NA,125.6377273,1.4745
1997-05-01,18.99,21,0.763,1.3798,6.503,NA,7.115,7.745,1.636,NA,NA,1.0709,7.917,NA,119.192381,1.4145
1997-06-01,18.22,19.82,0.755,1.381,6.6379,NA,7.3283,7.7345,1.665,NA,NA,1.0767,7.952,NA,114.2857143,1.4606
1997-07-01,18.94,20.19,0.7451,1.382,7.009,NA,7.635,7.982,1.6388,NA,NA,1.083,7.825,NA,115.3759091,1.5145
1997-08-01,17.98,19.66,0.7345,1.389,6.876,NA,7.478,7.877,1.6203,NA,NA,1.0915,7.785,NA,117.9295238,1.4889
1997-09-01,19.96,21.13,0.725,1.3824,6.73,NA,7.1055,7.5975,1.6117,NA,NA,1.0958,7.775,NA,120.89,1.4548
1997-10-01,19.42,21.1,0.703,1.4099,6.548,NA,6.978,7.489,1.6786,NA,NA,1.1027,8.41,NA,121.0604545,1.3995
1997-11-01,18.96,19.13,0.6825,1.4245,6.7145,NA,7.1925,7.7225,1.6885,NA,NA,1.1093,8.215,NA,125.3816667,1.4255
1997-12-01,15.86,17.65,0.6515,1.4288,6.851,NA,7.374,7.94,1.6427,NA,NA,1.1165,8.07,NA,129.7340909,1.461
1998-01-01,15.59,17.21,0.6852,1.4562,6.979,NA,7.5996,8.1136,1.6325,NA,NA,1.1235,8.455,NA,129.5475,1.482
1998-02-01,13.53,15.44,0.6785,1.4236,6.915,NA,7.578,8.004,1.6453,NA,NA,1.1303,8.5275,NA,125.8515789,1.4662
1998-03-01,13.87,15.75,0.6613,1.418,7.052,NA,7.6255,7.998,1.6765,NA,NA,1.137,8.52,NA,129.0822727,1.5245
1998-04-01,13.79,15.56,0.652,1.4302,6.84,NA,7.46,7.737,1.6727,NA,NA,1.1438,8.492,NA,131.7536364,1.5005
1998-05-01,14.03,15.21,0.626,1.4571,6.7935,NA,7.5327,7.835,1.6308,NA,NA,1.1502,8.825,NA,134.896,1.482
1998-06-01,11.84,14.3,0.6208,1.4717,6.872,NA,7.665,7.9755,1.6695,NA,NA,1.1565,8.985,NA,140.3304545,1.515
1998-07-01,12.63,14.27,0.607,1.5112,6.7825,NA,7.557,7.9595,1.6349,NA,NA,1.1632,8.92,NA,140.7873913,1.4915
1998-08-01,12.06,13.29,0.572,1.5745,6.699,NA,7.805,8.0665,1.676,NA,NA,1.177,9.985,NA,144.68,1.4417
1998-09-01,14.71,16.19,0.593,1.5262,6.355,NA,7.402,7.845,1.6995,NA,NA,1.1855,10.196,NA,134.4804762,1.3808
1998-10-01,12,14.48,0.625,1.5432,6.3075,NA,7.377,7.818,1.6735,NA,NA,1.1919,10.102,NA,121.0485714,1.3548
1998-11-01,9.91,11.37,0.628,1.5235,6.4475,NA,7.485,8.135,1.6485,NA,NA,1.201,10.005,NA,120.2894737,1.3963
1998-12-01,10.54,12.14,0.6123,1.5375,6.3625,NA,7.58,8.103,1.6628,NA,NA,1.2085,9.901,NA,117.0709091,1.3735
1999-01-01,11.34,12.81,0.6297,1.5095,6.542,1.1371,7.523,7.787,1.6457,NA,NA,2.07,10.152,1.6131,113.29,1.4168
1999-02-01,10.58,12.31,0.6205,1.509,6.765,1.0995,7.9105,8.1915,1.6027,NA,NA,2.09,9.9365,1.5886,116.6684211,1.4495
1999-03-01,15.02,16.66,0.634,1.5092,6.878,1.0808,7.728,8.213,1.614,NA,NA,1.72,9.521,1.5967,119.4730435,1.4775
1999-04-01,16.45,18.69,0.662,1.4578,7.038,1.0564,7.8175,8.445,1.6085,NA,NA,1.6625,9.2425,1.6128,119.7722727,1.5257
1999-05-01,14.75,16.85,0.6528,1.4725,7.131,1.0422,7.9045,8.598,1.602,NA,NA,1.734,9.7925,1.5935,121.9995,1.528
1999-06-01,16.97,19.33,0.6611,1.4735,7.211,1.031,7.875,8.481,1.5765,NA,NA,1.77,9.443,1.6017,120.7245455,1.5555
1999-07-01,19.97,20.52,0.6522,1.507,6.963,1.0694,7.774,8.222,1.6207,NA,NA,1.79,9.4,1.5961,119.3304762,1.4925
1999-08-01,21.08,22.15,0.638,1.4965,7.028,1.0581,7.83,8.229,1.6086,NA,NA,1.925,9.393,1.6003,113.2268182,1.513
1999-09-01,22.98,24.54,0.6528,1.4695,6.9855,1.0643,7.7395,8.201,1.6457,NA,NA,1.921,9.352,1.5978,106.8752381,1.5022
1999-10-01,21.11,21.79,0.6376,1.472,7.068,1.0518,7.85,8.2225,1.6425,NA,NA,1.953,9.618,1.6041,105.965,1.5243
1999-11-01,25.2,24.87,0.6371,1.472,7.386,1.0077,8.059,8.513,1.5935,NA,NA,1.923,9.424,1.6024,104.6485,1.5893
1999-12-01,24.93,25.76,0.656,1.444,7.395,1.007,8.01,8.505,1.615,NA,NA,1.809,9.48,1.6059,102.5843478,1.593
2000-01-01,27.08,27.65,0.6382,1.4517,7.633,0.9757,8.301,8.815,1.6182,NA,NA,1.802,9.64,1.6093,105.296,1.6495
2000-02-01,29.01,30.57,0.6155,1.4505,7.724,0.9643,8.381,8.75,1.578,NA,NA,1.769,9.3645,1.6066,109.3885,1.6665
2000-03-01,23.98,26.86,0.6062,1.4538,7.775,0.9574,8.435,8.635,1.5922,NA,NA,1.742,9.2895,1.5918,106.3073913,1.663
2000-04-01,23.79,25.71,0.5837,1.4818,8.1935,0.9089,8.959,8.967,1.556,NA,NA,1.805,9.411,1.5721,105.627,1.725
2000-05-01,29.64,29.03,0.5708,1.4977,7.998,0.9328,8.926,8.987,1.4968,NA,NA,1.827,9.511,1.5701,108.3204545,1.6883
2000-06-01,31.58,32.44,0.5971,1.4798,7.82,0.9545,8.581,8.821,1.513,NA,NA,1.804,9.843,1.5583,106.1254545,1.6317
2000-07-01,25.3,27.5,0.5787,1.488,8.0475,0.9266,8.864,9.172,1.4983,NA,NA,1.776,9.368,1.5483,108.2115,1.6689
2000-08-01,35.08,33.09,0.5764,1.472,8.401,0.8878,9.0845,9.445,1.4515,NA,NA,1.82,9.2,1.5476,108.0804348,1.7425
2000-09-01,28.42,30.87,0.5415,1.507,8.445,0.8837,9.0725,9.628,1.4787,NA,NA,1.844,9.44,1.5245,106.8375,1.7265
2000-10-01,30.15,32.7,0.5181,1.5273,8.77,0.8486,9.279,9.997,1.4505,NA,NA,1.908,9.564,1.5195,108.4428571,1.7978
2000-11-01,32.53,33.61,0.5262,1.5355,8.5767,0.8694,9.284,10.04,1.421,NA,NA,1.9722,9.41,1.5066,109.0095238,1.7365
2000-12-01,22.58,26.72,0.556,1.4995,7.9442,0.9388,8.801,9.444,1.4955,NA,NA,1.951,9.618,1.5245,112.209,1.6202
2001-01-01,26.59,28.62,0.548,1.4995,8.0173,0.9308,8.8353,9.5227,1.4613,NA,NA,1.972,9.679,1.5271,116.6719048,1.6425
2001-02-01,25.16,27.35,0.5248,1.532,8.1,0.9212,8.9225,9.815,1.4433,NA,NA,2.0465,9.6925,1.54,116.2336842,1.6736
2001-03-01,23.5,26.37,0.4881,1.5784,8.4875,0.8794,9.1475,10.38,1.419,NA,NA,2.175,9.485,1.5265,121.505,1.736
2001-04-01,27.21,28.48,0.5096,1.536,8.415,0.8874,9.101,10.26,1.4306,NA,NA,2.189,9.261,1.5371,123.7709524,1.7345
2001-05-01,28.55,28.39,0.5068,1.5461,8.818,0.8455,9.379,10.79,1.4175,NA,NA,2.359,9.165,1.5207,121.7681818,1.797
2001-06-01,26.21,26.37,0.51,1.5175,8.785,0.8474,9.329,10.881,1.4077,NA,NA,2.305,9.06,1.5214,122.3509524,1.7968
2001-07-01,24.35,26.7,0.508,1.531,8.515,0.8752,9.135,10.625,1.4252,NA,NA,2.437,9.151,1.5107,124.4980952,1.7285
2001-08-01,26.8,26.65,0.5277,1.5478,8.192,0.909,8.865,10.431,1.451,NA,NA,2.552,9.2075,1.5159,121.3669565,1.6698
2001-09-01,21.87,23.44,0.4946,1.5797,8.1763,0.9099,8.88,10.6871,1.4691,NA,NA,2.673,9.52,1.4766,118.6116667,1.6188
2001-10-01,19.63,21.2,0.503,1.5905,8.283,0.8993,8.904,10.671,1.4534,NA,NA,2.701,9.27,1.4692,121.4536364,1.6347
2001-11-01,18.92,19.46,0.5203,1.5717,8.311,0.8958,8.926,10.674,1.4255,NA,NA,2.514,9.2585,1.4717,122.4055,1.6405
2001-12-01,19.35,19.96,0.5117,1.5925,8.3529,0.8901,8.9724,10.4571,1.4543,NA,NA,2.312,9.156,1.4813,127.5945,1.6598
2002-01-01,19.07,19.71,0.5072,1.5915,8.647,0.8594,9.108,10.672,1.412,NA,NA,2.409,9.152,1.4745,132.6833333,1.719
2002-02-01,20.73,21.78,0.5167,1.6049,8.5725,0.8658,8.9175,10.47,1.4129,NA,NA,2.361,9.13,1.4766,133.6426316,1.7025
2002-03-01,25.34,26.21,0.5333,1.5958,8.5285,0.8717,8.853,10.363,1.425,NA,NA,2.326,9.0005,1.4656,131.0609524,1.682
2002-04-01,26.98,27.32,0.5372,1.5681,8.258,0.9002,8.405,10.28,1.4565,NA,NA,2.36,9.375,1.4636,130.7718182,1.6216
2002-05-01,23.87,25.37,0.566,1.5275,7.959,0.9339,8.0025,9.7445,1.4625,NA,NA,2.522,9.6525,1.4635,126.375,1.5693
2002-06-01,25.33,26.79,0.5628,1.519,7.535,0.9856,7.524,9.207,1.5245,NA,NA,2.83,9.98,1.4725,123.2905,1.492
2002-07-01,26.28,27.02,0.5445,1.5845,7.583,0.9796,7.62,9.515,1.5625,NA,NA,3.485,9.8,1.4547,117.8990909,1.4833
2002-08-01,27.56,28.97,0.5495,1.5585,7.5725,0.9806,7.5366,9.4,1.5476,NA,NA,3.003,9.9185,1.4688,118.9927273,1.5007
2002-09-01,29.11,30.59,0.5429,1.5863,7.52,0.9879,7.41,9.274,1.57,NA,NA,3.803,10.212,1.4637,121.078,1.4758
2002-10-01,25.51,27.18,0.5548,1.561,7.526,0.9881,7.4555,9.1885,1.563,NA,NA,3.624,10.15,1.4627,123.9077273,1.4805
2002-11-01,25.74,26.87,0.5601,1.5658,7.4748,0.9932,7.334,9.076,1.5553,NA,NA,3.671,10.154,1.4756,121.6078947,1.486
2002-12-01,30.12,31.21,0.5625,1.58,7.085,1.0485,6.9375,8.695,1.6095,NA,NA,3.54,10.425,1.4525,121.8928571,1.3833
2003-01-01,31.57,33.51,0.586,1.5286,6.9255,1.0739,6.966,8.614,1.6448,NA,NA,3.513,10.902,1.4671,118.8133333,1.3683
2003-02-01,34,36.76,0.6075,1.488,6.8925,1.0779,7.168,8.505,1.5737,NA,NA,3.565,11.0285,1.463,119.3378947,1.3557
2003-03-01,28.05,31.14,0.6045,1.4695,6.8138,1.09,7.276,8.4735,1.579,NA,NA,3.332,10.782,1.4765,118.6871429,1.3538
2003-04-01,23.6,26.09,0.6262,1.4336,6.64,1.118,6.995,8.17,1.6,NA,NA,2.887,10.308,1.5116,119.895,1.3545
2003-05-01,26.58,29.56,0.6513,1.3712,6.3123,1.1766,6.6917,7.7654,1.6393,NA,NA,2.979,10.34,1.5292,117.3680952,1.3022
2003-06-01,28.88,30.15,0.6713,1.3558,6.461,1.1502,7.2245,7.9985,1.6529,NA,NA,2.862,10.455,1.5518,118.3290476,1.3519
2003-07-01,28.68,30.56,0.6474,1.4074,6.6165,1.1231,7.288,8.22,1.609,NA,NA,2.965,10.585,1.5479,118.6959091,1.3736
2003-08-01,30.38,31.76,0.649,1.385,6.7572,1.0986,7.5065,8.3644,1.5773,NA,NA,2.965,11.06,1.5373,118.662381,1.4005
2003-09-01,28.09,29.19,0.6797,1.3507,6.3729,1.165,7.0557,7.7502,1.662,NA,NA,2.928,11.0025,1.5383,114.8,1.3208
2003-10-01,27.88,29.24,0.7077,1.3195,6.4035,1.1609,7.091,7.814,1.6956,NA,NA,2.8645,11.055,1.5492,109.4954545,1.3382
2003-11-01,28.95,30.33,0.7236,1.2973,6.206,1.1995,6.824,7.551,1.7219,NA,NA,2.945,11.395,1.5485,109.1777778,1.2917
2003-12-01,30.3,32.51,0.752,1.2923,5.915,1.2597,6.666,7.195,1.7842,NA,NA,2.895,11.242,1.5586,107.7377273,1.238
2004-01-01,29.53,33.16,0.7625,1.3265,5.982,1.2452,7.0161,7.412,1.8215,NA,NA,2.924,11.012,1.5612,106.2685,1.2593
2004-02-01,32.94,36.08,0.7717,1.3405,5.992,1.2441,7.047,7.433,1.8575,NA,NA,2.915,11.062,1.5758,106.7078947,1.268
2004-03-01,32.29,35.75,0.762,1.31,6.0575,1.2292,6.86,7.55,1.84,NA,NA,2.907,11.183,1.5588,108.5156522,1.2677
2004-04-01,35.23,37.31,0.721,1.3711,6.215,1.1975,6.8725,7.6425,1.7744,NA,NA,2.944,11.402,1.5521,107.6563636,1.2984
2004-05-01,37,39.9,0.7138,1.3666,6.0896,1.2217,6.7256,7.4579,1.833,NA,NA,3.111,11.414,1.5301,112.196,1.2533
2004-06-01,33.22,36.92,0.6952,1.3407,6.103,1.2179,6.938,7.525,1.8126,NA,NA,3.105,11.538,1.5281,109.4336364,1.252
2004-07-01,41.47,43.72,0.7035,1.3296,6.1844,1.2032,7.009,7.6805,1.8183,NA,NA,3.0275,11.41,1.5399,109.4871429,1.2796
2004-08-01,39.8,42.23,0.7071,1.3166,6.1056,1.2183,6.8848,7.492,1.8031,NA,NA,2.94,11.376,1.5426,110.2336364,1.2641
2004-09-01,47.76,49.56,0.7244,1.2648,5.993,1.2417,6.727,7.289,1.809,NA,NA,2.864,11.385,1.5535,110.0914286,1.2471
2004-10-01,48.16,51.78,0.7468,1.2209,5.8307,1.2746,6.3908,7.0974,1.8345,NA,NA,2.852,11.5365,1.5277,108.7835,1.1988
2004-11-01,44.23,49.16,0.7723,1.1902,5.6038,1.3259,6.1391,6.7363,1.9073,NA,NA,2.731,11.2411,1.5141,104.699,1.1421
2004-12-01,40.38,43.36,0.7805,1.2034,5.494,1.3538,6.0794,6.6687,1.916,NA,NA,2.655,11.154,1.5431,103.8104348,1.1412
2005-01-01,44.51,48.25,0.7759,1.2396,5.7024,1.3049,6.3558,6.9779,1.885,NA,NA,2.6115,11.2065,1.5493,103.341,1.1877
2005-02-01,50.13,51.75,0.794,1.2295,5.6095,1.3274,6.2009,6.8275,1.9249,NA,NA,2.5846,11.0885,1.5394,104.9442105,1.1585
2005-03-01,53.22,55.31,0.7729,1.2094,5.745,1.2969,6.3451,7.064,1.8888,NA,NA,2.666,11.177,1.55,105.2543478,1.1952
2005-04-01,50.61,49.2,0.7834,1.2568,5.7624,1.2919,6.2788,7.1123,1.9122,NA,NA,2.533,11.082,1.5372,107.1938095,1.1898
2005-05-01,49.3,52.08,0.7591,1.2512,6.0264,1.2349,6.4272,7.4108,1.8231,NA,NA,2.411,10.9125,1.5425,106.5952381,1.2447
2005-06-01,55.36,56.63,0.7618,1.2256,6.1599,1.2098,6.5381,7.8024,1.793,NA,NA,2.357,10.772,1.5489,108.7472727,1.2827
2005-07-01,59.77,60.71,0.7594,1.2257,6.1496,1.2129,6.4785,7.7614,1.7593,NA,NA,2.3855,10.5995,1.5606,111.9535,1.287
2005-08-01,66.8,68.63,0.7514,1.1893,6.0483,1.233,6.3725,7.5599,1.8012,NA,NA,2.354,10.794,1.5497,110.6065217,1.2546
2005-09-01,61.7,66.21,0.7643,1.1607,6.1888,1.2058,6.5331,7.729,1.7696,NA,NA,2.2125,10.791,1.5556,111.2390476,1.289
2005-10-01,58.47,59.8,0.748,1.1796,6.2219,1.1995,6.4951,7.9489,1.7689,NA,NA,2.2478,10.789,1.545,114.8695,1.29
2005-11-01,53.25,57.33,0.7394,1.167,6.32,1.179,6.7393,8.0733,1.7321,NA,NA,2.201,10.5765,1.5482,118.454,1.3148
2005-12-01,58.34,61.06,0.7342,1.1656,6.2985,1.1842,6.7444,7.937,1.7188,NA,NA,2.334,10.6275,1.5561,118.462381,1.3148
2006-01-01,63.19,67.86,0.7572,1.1436,6.1377,1.2158,6.6537,7.6029,1.782,NA,NA,2.2094,10.44,1.5538,115.4765,1.2784
2006-02-01,59.78,61.37,0.743,1.1379,6.2559,1.1925,6.7474,7.9154,1.7539,NA,NA,2.118,10.4542,1.5655,117.8605263,1.3111
2006-03-01,66.06,66.25,0.7165,1.167,6.1467,1.2139,6.546,7.7653,1.7393,NA,NA,2.172,10.898,1.5796,117.2778261,1.3025
2006-04-01,72.15,71.8,0.7593,1.1203,5.9076,1.2624,6.1645,7.3579,1.822,NA,NA,2.09,11.089,1.5755,117.0695,1.2411
2006-05-01,67.57,71.42,0.7519,1.1027,5.8098,1.2833,6.0687,7.2143,1.8732,NA,NA,2.3007,11.288,1.5582,111.7304545,1.2159
2006-06-01,73.2,73.94,0.7423,1.115,5.8379,1.2779,6.222,7.2135,1.8491,NA,NA,2.164,11.2865,1.5673,114.625,1.2247
2006-07-01,74.75,74.56,0.7664,1.1309,5.8446,1.2764,6.1592,7.2147,1.8685,NA,NA,2.1745,10.916,1.5726,115.767,1.2311
2006-08-01,67.66,70.38,0.763,1.1066,5.8308,1.2793,6.3186,7.2428,1.9024,NA,NA,2.141,10.912,1.576,115.9243478,1.2336
2006-09-01,59.09,62.9,0.7461,1.1151,5.8775,1.2687,6.5053,7.3127,1.8716,NA,NA,2.1664,10.9775,1.5868,117.2145,1.2504
2006-10-01,56.13,58.72,0.7743,1.1227,5.8352,1.2773,6.532,7.2111,1.9084,NA,NA,2.135,10.767,1.5881,118.6090476,1.2424
2006-11-01,64.36,62.97,0.7896,1.1413,5.6214,1.3261,6.1522,6.8331,1.9693,NA,NA,2.1665,11,1.5917,117.3204762,1.1966
2006-12-01,58.96,60.85,0.7884,1.1652,5.6479,1.3197,6.2287,6.8342,1.9586,NA,NA,2.1342,10.7995,1.6059,117.322,1.2195
2007-01-01,56.52,58.17,0.774,1.1792,5.7365,1.2998,6.2606,6.9653,1.9611,NA,NA,2.1225,11.0381,1.6242,120.4471429,1.247
2007-02-01,59.39,61.78,0.7892,1.17,5.6308,1.323,6.1316,6.998,1.9613,NA,NA,2.12,11.1575,1.6128,120.5047368,1.2189
2007-03-01,68.47,65.94,0.8104,1.153,5.5709,1.3374,6.0774,6.9837,1.9685,NA,NA,2.058,11.0427,1.6247,117.26,1.2126
2007-04-01,67.23,65.78,0.8326,1.1068,5.4553,1.366,5.9441,6.6975,2,NA,NA,2.0308,10.9295,1.6435,118.932381,1.2064
2007-05-01,68.18,64.02,0.8272,1.0701,5.537,1.3453,6.0403,6.9191,1.9797,NA,NA,1.9225,10.738,1.647,120.7731818,1.2252
2007-06-01,72.22,70.47,0.8491,1.0634,5.504,1.352,5.8942,6.8455,2.0063,27.44,8.059,1.9301,10.7901,1.6568,122.6885714,1.224
2007-07-01,77.01,78.2,0.8594,1.0656,5.426,1.3711,5.8086,6.7147,2.0364,30.69,7.938,1.869,10.9311,1.6504,121.4147619,1.2021
2007-08-01,72.29,73.98,0.8157,1.056,5.4594,1.3641,5.821,6.8822,2.0165,28.86,7.9735,1.9672,11.032,1.6467,116.7334783,1.2071
2007-09-01,80.97,81.64,0.8855,0.9959,5.2412,1.4219,5.4095,6.4745,2.0389,29.32,7.8306,1.836,10.9315,1.6594,115.0435,1.1672
2007-10-01,89.87,94.16,0.9271,0.9496,5.1514,1.4468,5.3867,6.3608,2.0777,37.46,7.6963,1.7386,10.6996,1.6735,115.866087,1.1589
2007-11-01,88.71,88.6,0.8848,1.0007,5.0772,1.4688,5.5255,6.3806,2.0567,37.26,7.9519,1.78,10.896,1.6522,111.0728571,1.1287
2007-12-01,93.68,95.95,0.8776,0.9881,5.1046,1.4603,5.431,6.4568,1.9843,36.35,8.013,1.779,10.9169,1.6571,112.449,1.1329
2008-01-01,91.58,91.67,0.8968,1.0018,5.0208,1.4841,5.4126,6.3758,1.9895,30.24,7.9566,1.7578,10.819,1.6066,107.8180952,1.0845
2008-02-01,100.9,101.78,0.937,0.9796,4.9054,1.5187,5.2061,6.1716,1.9864,34.82,7.948,1.6845,10.7263,1.5952,107.03,1.0435
2008-03-01,102.33,101.54,0.9132,1.0275,4.7178,1.5805,5.0827,5.936,1.9855,39.32,7.9629,1.7441,10.63,1.5698,100.7561905,0.9921
2008-04-01,111.12,113.7,0.9419,1.0092,4.7933,1.5568,5.1175,5.991,1.9847,38.52,7.9629,1.695,10.5101,1.6141,102.6777273,1.0422
2008-05-01,127.85,127.35,0.9551,0.9938,4.7934,1.556,5.0872,5.9959,1.9793,42.3,7.866,1.6252,10.329,1.6275,104.3595238,1.0426
2008-06-01,138.4,139.96,0.9562,1.0185,4.734,1.5748,5.0899,6.0208,1.9906,45.11,7.9915,1.5945,10.3035,1.6057,106.9152381,1.0202
2008-07-01,124.1,124.17,0.9415,1.0261,4.7858,1.5589,5.1323,6.0532,1.9806,47.02,8.0487,1.566,10.0345,1.6345,106.8518182,1.0489
2008-08-01,113.49,115.55,0.8563,1.0631,5.084,1.4669,5.4241,6.4399,1.819,50.22,7.9723,1.6349,10.297,1.6134,109.362381,1.1019
2008-09-01,93.52,100.7,0.7904,1.0597,5.2958,1.4081,5.889,6.9459,1.7804,59.56,8.1566,1.9225,10.9726,1.5781,106.5747619,1.1189
2008-10-01,60,68.1,0.6574,1.2158,5.8683,1.2682,6.7089,7.7816,1.6165,80.56,8.5928,2.123,12.705,1.4629,99.96590909,1.1669
2008-11-01,47.72,55.21,0.6546,1.236,5.8671,1.2694,7.0021,8.1199,1.5348,80.26,8.8094,2.3074,13.39,1.5478,96.96555556,1.2165
2008-12-01,35.82,44.6,0.6983,1.224,5.3497,1.3919,6.9756,7.877,1.4619,88.93,9.4039,2.313,13.832,1.4873,91.275,1.0673
2009-01-01,44.17,41.73,0.638,1.2365,5.8216,1.2804,6.9158,8.3647,1.4413,77.1,9.2164,2.313,14.333,1.4866,90.1205,1.1612
2009-02-01,44.41,44.15,0.6419,1.271,5.8832,1.2662,7.0474,9.024,1.4276,68.54,8.7838,2.375,15.088,1.4852,92.91578947,1.1672
2009-03-01,46.13,49.64,0.6925,1.2606,5.6153,1.3261,6.7437,8.2522,1.43,78.01,8.8388,2.3007,14.21,1.516,97.855,1.1395
2009-04-01,50.3,50.35,0.7317,1.1939,5.6223,1.3244,6.567,7.9882,1.4799,52.75,8.787,2.1724,13.801,1.5103,98.92,1.1402
2009-05-01,64.98,66.31,0.7993,1.0957,5.2708,1.4126,6.3139,7.6222,1.616,41.32,8.792,1.9678,13.182,1.5135,96.6445,1.0692
2009-06-01,68.11,69.82,0.8055,1.1626,5.3113,1.402,6.4354,7.7282,1.6452,42.78,8.945,1.9653,13.17,1.5241,96.61454545,1.0867
2009-07-01,70.08,69.26,0.8339,1.0791,5.2146,1.4279,6.1147,7.2171,1.6713,45.72,8.9494,1.8653,13.2025,1.5342,94.36695652,1.0668
2009-08-01,69.02,69.97,0.8439,1.0967,5.1858,1.4354,6.0051,7.1105,1.6314,47.09,8.6602,1.87,13.3361,1.5162,94.89714286,1.0569
2009-09-01,65.82,70.46,0.8824,1.0719,5.0874,1.463,5.7773,6.9751,1.6004,45.23,8.5964,1.7743,13.4805,1.5096,91.2747619,1.0375
2009-10-01,74.91,77.04,0.9038,1.0767,5.0422,1.4755,5.695,7.0508,1.6479,41.13,8.3596,1.7445,13.1555,1.5102,90.36714286,1.0238
2009-11-01,77.77,77.19,0.9143,1.057,4.9631,1.4994,5.6928,6.9919,1.6409,41.17,8.4143,1.7505,12.916,1.5073,89.26736842,1.005
2009-12-01,77.91,79.39,0.8979,1.0461,5.1908,1.4332,5.7899,7.1532,1.6167,36.26,8.4107,1.7425,13.0576,1.4844,89.95090909,1.0358
2010-01-01,71.2,72.85,0.8873,1.0652,5.3676,1.387,5.9201,7.3852,1.6009,34.05,8.1817,1.8755,13.0285,1.4678,91.10105263,1.0557
2010-02-01,76.36,79.72,0.8961,1.052,5.4482,1.366,5.8992,7.101,1.5239,32.82,8.0971,1.801,12.7575,1.4633,90.13947368,1.0711
2010-03-01,80.37,83.45,0.9169,1.0156,5.5033,1.3526,5.9387,7.2028,1.5186,29.61,8.0368,1.7821,12.3005,1.4308,90.71608696,1.0528
2010-04-01,86.19,86.07,0.9306,1.0112,5.5952,1.3302,5.9005,7.2359,1.5308,30.25,7.9278,1.727,12.2281,1.4348,93.45272727,1.0767
2010-05-01,73,74,0.8491,1.0497,6.0145,1.2369,6.4367,7.7942,1.4492,40.49,7.8972,1.817,12.8633,1.4231,91.973,1.1534
2010-06-01,74.94,75.59,0.848,1.0606,6.0598,1.2291,6.4824,7.7521,1.4947,39.5,7.9062,1.7941,12.8306,1.3225,90.80590909,1.0774
2010-07-01,77.5,78.85,0.9051,1.0293,5.701,1.3069,6.0455,7.1972,1.5714,31.52,8.0201,1.7585,12.6421,1.3531,87.50047619,1.041
2010-08-01,75.51,71.93,0.891,1.064,5.858,1.2704,6.2877,7.369,1.5358,34.51,7.9325,1.7529,13.1671,1.2936,85.37272727,1.015
2010-09-01,80.77,79.95,0.964,1.0293,5.4791,1.3601,5.8952,6.7626,1.5731,30.04,7.9156,1.696,12.627,1.3302,84.35714286,0.9808
2010-10-01,82.47,81.45,0.9798,1.0187,5.3671,1.3894,5.8785,6.7048,1.602,32.12,8.111,1.6982,12.3415,1.3687,81.7285,0.985
2010-11-01,86.02,84.12,0.9607,1.0266,5.7171,1.3036,6.1871,7.0125,1.5578,31.89,8.1463,1.7146,12.454,1.2996,82.518,0.9985
2010-12-01,93.23,91.38,1.0122,1.0009,5.6183,1.3269,5.8904,6.7571,1.5392,29.48,7.906,1.6631,12.3825,1.2507,83.33761905,0.9369
2011-01-01,98.97,90.99,0.9976,1.002,5.435,1.3715,5.7759,6.4318,1.6042,35.18,7.8199,1.6739,12.1541,1.2852,82.625,0.9402
2011-02-01,112.27,97.1,1.0174,0.9737,5.4054,1.3793,5.6138,6.3442,1.6247,39.05,7.8206,1.6598,12.113,1.2806,82.53684211,0.9305
2011-03-01,116.94,106.19,1.0358,0.9717,5.2569,1.4183,5.5334,6.3134,1.6048,34.62,7.8295,1.6287,11.917,1.29873,81.64695652,0.9157
2011-04-01,126.59,113.39,1.0937,0.9486,5.0315,1.4821,5.2398,6.0258,1.6691,30.39,7.8069,1.567,11.5237,1.2899,83.17714286,0.8666
2011-05-01,117.18,102.7,1.066,0.9688,5.1847,1.4376,5.3822,6.1779,1.6439,33.51,7.8336,1.5833,11.579,1.226,81.12571429,0.8525
2011-06-01,111.71,95.3,1.0732,0.9642,5.1355,1.4523,5.3749,6.3027,1.6067,31.36,7.832,1.5595,11.7191,1.208,80.42590909,0.8413
2011-07-01,115.93,95.68,1.1001,0.9539,5.1779,1.4388,5.375,6.286,1.6455,33.64,7.7829,1.5495,11.7235,1.1454,79.2425,0.7881
2011-08-01,116.48,88.81,1.0702,0.9783,5.171,1.4406,5.349,6.3223,1.6269,44.33,7.7882,1.5841,12.3262,1.1722,76.96565217,0.8038
2011-09-01,105.42,78.93,0.9744,1.0389,5.5331,1.3449,5.8368,6.819,1.5624,55.68,7.7243,1.8485,13.7701,1.21932,76.79571429,0.9048
2011-10-01,108.43,93.19,1.061,0.9932,5.333,1.3947,5.5131,6.4635,1.6141,43.26,7.7474,1.6933,13.169,1.21964,76.643,0.8706
2011-11-01,111.22,100.36,1.0244,1.0199,5.5268,1.3453,5.7643,6.7555,1.5705,41,7.7868,1.8072,13.6201,1.226,77.5595,0.9106
2011-12-01,108.09,98.83,1.0251,1.0168,5.7303,1.2973,5.9682,6.8737,1.5537,38.74,7.7451,1.8627,13.951,1.2158,77.79666667,0.9374
2012-01-01,110.26,98.46,1.0598,1.005,5.6949,1.3053,5.873,6.8161,1.5754,32.31,7.6752,1.7527,13.0356,1.20571,76.964,0.922
2012-02-01,122.23,107.08,1.0777,0.9866,5.5653,1.3359,5.5737,6.5843,1.5951,32.52,7.5522,1.7148,12.7941,1.20534,78.47,0.9023
2012-03-01,123.41,103.03,1.0367,0.999,5.579,1.3334,5.7001,6.6191,1.5985,29,7.5315,1.8205,12.8115,1.2048,82.46590909,0.9026
2012-04-01,118.66,104.89,1.041,0.9886,5.6236,1.3229,5.7276,6.7274,1.6225,25.15,7.5698,1.893,12.99,1.20129,81.25238095,0.9081
2012-05-01,103.86,86.52,0.9711,1.0349,6.01,1.2364,6.1097,7.2655,1.5405,34.79,7.5663,2.016,14.3045,1.20105,79.66681818,0.9713
2012-06-01,94.17,85.04,1.0236,1.019,5.8687,1.2668,5.9541,6.9123,1.5686,35,7.5401,2.009,13.411,1.20128,79.3152381,0.9485
2012-07-01,105.93,88.08,1.0522,1.0014,6.0431,1.2315,6.0189,6.787,1.5686,34.53,7.4579,2.0514,13.2669,1.20105,78.9347619,0.9753
2012-08-01,113.93,96.47,1.0334,0.9862,5.9237,1.2578,5.799,6.6176,1.5864,31.4,7.3239,2.0301,13.2401,1.20085,78.69086957,0.9546
2012-09-01,111.36,92.18,1.0388,0.9837,5.7986,1.2856,5.7292,6.5649,1.6132,32.45,7.3945,2.0277,12.863,1.2098,78.13526316,0.94
2012-10-01,109.89,86.23,1.037,0.9994,5.7559,1.2958,5.7075,6.6348,1.6111,32.18,7.4076,2.0298,13.0877,1.20774,79.01318182,0.9311
2012-11-01,110.84,88.54,1.0429,0.9931,5.7333,1.301,5.6667,6.6594,1.6027,27.62,7.3371,2.1118,12.9171,1.20443,81.0305,0.9264
2012-12-01,110.8,91.83,1.0393,0.9958,5.6565,1.3186,5.5618,6.5074,1.6262,28.45,7.3489,2.0476,12.9635,1.2072,83.7905,0.9155
2013-01-01,115.55,97.65,1.0433,0.9992,5.4916,1.3584,5.468,6.3533,1.5856,22.54,7.3821,1.9875,12.7344,1.23542,89.05809524,0.9093
2013-02-01,112.2,92.03,1.0241,1.0286,5.7007,1.3079,5.7209,6.4518,1.5192,23.61,7.4232,1.9767,12.7788,1.22002,93.00157895,0.9336
2013-03-01,108.46,97.24,1.0409,1.0174,5.8169,1.2816,5.8446,6.528,1.5193,18.19,7.4851,2.021,12.3155,1.21708,94.77,0.949
2013-04-01,101.53,93.22,1.0372,1.0072,5.6614,1.3168,5.7674,6.4817,1.5539,24.57,7.5444,1.999,12.1323,1.2252,97.75818182,0.9298
2013-05-01,100.43,91.93,0.9608,1.0337,5.7403,1.2988,5.8623,6.6221,1.5185,24.41,7.5628,2.1217,12.7791,1.24137,100.9186364,0.9583
2013-06-01,102.49,96.36,0.9165,1.0513,5.7326,1.301,6.0903,6.7318,1.521,22.37,7.7394,2.2075,12.9925,1.23481,97.235,0.945
2013-07-01,107.89,105.1,0.8957,1.0287,5.6081,1.3282,5.904,6.5284,1.5177,22.95,7.8837,2.2987,12.857,1.23092,99.67272727,0.9284
2013-08-01,115.97,107.98,0.8901,1.0554,5.6528,1.3196,6.1281,6.6338,1.5468,28.1,7.9386,2.3809,13.3355,1.23157,97.81227273,0.9313
2013-09-01,107.85,102.36,0.9342,1.0284,5.5109,1.3535,6.0105,6.4095,1.6179,22.98,7.9725,2.2193,13.155,1.2223,99.21,0.9041
2013-10-01,107.53,96.29,0.9471,1.0429,5.4862,1.3594,5.9476,6.4692,1.6068,20.59,8.1208,2.2235,12.9995,1.2331,97.77,0.9056
2013-11-01,111.07,92.55,0.9125,1.0597,5.4823,1.3606,6.116,6.5475,1.6373,20,8.2055,2.3345,13.111,1.23227,100.0736842,0.9047
2013-12-01,109.95,98.17,0.8929,1.0637,5.4121,1.3779,6.0657,6.4254,1.6574,17.76,8.4048,2.3608,13.098,1.2264,103.46,0.8904
2014-01-01,108.16,97.55,0.8743,1.1116,5.5263,1.35,6.2768,6.5412,1.645,20.35,8.3927,2.4116,13.3585,1.22314,103.7614286,0.9052
2014-02-01,108.98,102.88,0.8933,1.1075,5.4047,1.3806,5.9938,6.4109,1.675,18.71,8.3562,2.3321,13.2255,1.21603,102.1252632,0.881
2014-03-01,105.95,101.57,0.9275,1.1053,5.4194,1.3777,5.989,6.475,1.6675,19.26,8.2906,2.2552,13.056,1.21993,102.3395238,0.884
2014-04-01,108.63,100.07,0.9282,1.0956,5.3817,1.387,5.9463,6.5049,1.6883,19.37,8.2484,2.236,13.0835,1.21947,102.4581818,0.88
2014-05-01,109.21,103.4,0.9298,1.0867,5.4711,1.364,5.9803,6.6855,1.6764,15.61,8.1533,2.2365,12.8605,1.22099,101.7738095,0.8944
2014-06-01,111.03,106.07,0.9427,1.0676,5.4459,1.369,6.1309,6.6874,1.7105,16.52,8.2207,2.203,12.9695,1.21507,102.0628571,0.8868
2014-07-01,104.94,98.23,0.9301,1.0889,5.5687,1.339,6.285,6.8958,1.6889,18.78,8.388,2.2696,13.237,1.21652,101.74,0.9086
2014-08-01,101.12,97.86,0.9344,1.0858,5.6647,1.315,6.1844,6.9753,1.6585,16.68,8.2522,2.2381,13.069,1.20607,102.9438095,0.9174
2014-09-01,94.67,91.17,0.8737,1.1207,5.8947,1.2628,6.4371,7.2151,1.622,21.52,8.1798,2.4484,13.427,1.20652,107.4257143,0.9554
2014-10-01,84.17,80.53,0.8791,1.1272,5.9397,1.253,6.7491,7.3971,1.5999,30.52,8.3136,2.4535,13.4825,1.20588,108.0263636,0.9623
2014-11-01,71.89,65.94,0.8524,1.1426,5.9817,1.2438,7.0062,7.4544,1.5638,36.44,8.4912,2.572,13.921,1.20182,116.2994444,0.9658
2014-12-01,55.27,53.45,0.8173,1.1601,6.1534,1.2101,7.4816,7.8245,1.5578,50.24,8.9714,2.6563,14.75,1.20253,119.3233333,0.9934
2015-01-01,47.52,47.79,0.7762,1.2716,6.5907,1.129,7.7498,8.2732,1.5026,58.62,8.932,2.6843,15.005,1.04424,118.25,0.921
2015-02-01,61.89,49.84,0.781,1.2506,6.6649,1.1197,7.6619,8.3555,1.5439,55.85,8.6188,2.8618,14.939,1.06676,118.76,0.9513
2015-03-01,53.69,47.72,0.7625,1.2681,6.9552,1.0741,8.0513,8.6268,1.485,53.72,8.6434,3.1843,15.245,1.04547,120.3945455,0.9712
2015-04-01,63.9,59.62,0.7867,1.2116,6.6872,1.1162,7.568,8.3778,1.5328,36.28,8.4988,3.0121,15.3855,1.04929,119.5095455,0.941
2015-05-01,63.16,60.25,0.7659,1.2466,6.7851,1.0994,7.7845,8.5245,1.5286,33.74,8.4102,3.1855,15.3688,1.03424,120.798,0.9404
2015-06-01,60.31,59.48,0.7704,1.2473,6.6884,1.1154,7.8574,8.2937,1.5727,32.43,8.755,3.1106,15.6902,1.03768,123.7186364,0.9346
2015-07-01,53.29,47.11,0.7332,1.3047,6.767,1.1028,8.1366,8.5925,1.5634,38.82,8.9357,3.4078,16.061,1.05362,123.3109091,0.9636
2015-08-01,47.97,49.2,0.71,1.3223,6.6672,1.1194,8.3223,8.4745,1.5363,54.37,9.1815,3.6206,16.7315,1.0793,123.0038095,0.9681
2015-09-01,47.29,45.06,0.702,1.3396,6.6832,1.1162,8.5259,8.3912,1.5116,45.52,9.3075,3.9554,16.898,1.09255,120.147619,0.9773
2015-10-01,48,46.6,0.7133,1.3082,6.755,1.1042,8.4643,8.4922,1.5445,41.95,9.2892,3.8439,16.53,1.08667,120.0480952,0.9858
2015-11-01,43.73,40.43,0.7235,1.3332,7.0625,1.0562,8.6838,8.7206,1.5044,48.14,9.2572,3.8982,16.6005,1.09055,122.6431579,1.0282
2015-12-01,36.61,37.13,0.7286,1.3839,6.8723,1.0859,8.8542,8.4485,1.4746,46.57,9.4626,3.9593,17.195,1.08169,121.635,1.0017
2016-01-01,33.14,33.66,0.7071,1.4074,6.8886,1.0832,8.7071,8.5709,1.4184,61.86,9.5899,4.0364,18.211,1.11123,118.2257895,1.0226
2016-02-01,35.92,32.74,0.7152,1.3522,6.8632,1.0868,8.6919,8.5709,1.3926,60.01,9.5628,3.9793,18.0675,1.09145,114.6155,0.996
2016-03-01,36.75,36.94,0.7677,1.2969,6.5425,1.139,8.252,8.0962,1.4381,45.91,9.4246,3.55,17.214,1.09356,112.9317391,0.9583
2016-04-01,45.64,45.98,0.7612,1.2549,6.5059,1.1441,8.0643,8.0267,1.4625,42.52,9.3224,3.4547,17.19,1.09594,109.5519048,0.9598
2016-05-01,49.26,49.1,0.7242,1.3097,6.6788,1.1135,8.3678,8.336,1.453,38.08,9.3099,3.6074,18.413,1.10358,108.8480952,0.9934
2016-06-01,48.05,48.27,0.7432,1.301,6.7208,1.1032,8.3931,8.5028,1.3242,38.09,9.3278,3.2003,18.4935,1.08836,105.3509091,0.9792
2016-07-01,40.76,41.54,0.7599,1.304,6.6596,1.1168,8.425,8.5503,1.327,41.08,9.369,3.238,18.761,1.08441,104.191,0.969
2016-08-01,47.94,44.68,0.7519,1.3122,6.6764,1.1146,8.3438,8.5689,1.3129,39.5,9.303,3.247,18.849,1.09561,101.2382609,0.983
2016-09-01,48.24,47.72,0.7667,1.3115,6.6249,1.1238,7.9897,8.5726,1.3015,39.31,9.1971,3.2434,19.3355,1.08288,101.7842857,0.9694
2016-10-01,46.2,46.83,0.7611,1.3403,6.79,1.0962,8.2501,9.0207,1.2212,40.96,9.0009,3.1658,18.79,1.08275,103.9075,0.989
2016-11-01,47.95,49.41,0.7387,1.3425,7.0335,1.0578,8.5223,9.2548,1.2481,44.25,9.0807,3.3854,20.4565,1.07818,108.443,1.0187
2016-12-01,54.96,53.75,0.723,1.3426,7.0462,1.0552,8.6107,9.0803,1.2337,30.83,9.0252,3.2532,20.617,1.07371,115.9980952,1.016
2017-01-01,55.25,52.75,0.7582,1.303,6.8894,1.0794,8.2444,8.7525,1.2585,31.33,8.999,3.1477,20.8355,1.06539,114.8721053,0.9888
2017-02-01,53.36,54,0.7686,1.3247,7.0005,1.0618,8.3667,9.0098,1.2427,25.46,8.8603,3.1085,19.9975,1.06478,112.9115789,1.0022
2017-03-01,52.2,50.54,0.7638,1.3321,6.9523,1.0698,8.5756,8.9349,1.2537,27.59,9.0919,3.1628,18.829,1.06958,112.9165217,0.9998
2017-04-01,49.46,49.31,0.7475,1.3669,6.8271,1.0895,8.5726,8.8635,1.2938,28.55,9.2049,3.1896,18.934,1.08241,110.091,0.9944
2017-05-01,49.4,48.29,0.7437,1.3498,6.6206,1.1236,8.4361,8.6788,1.2905,32.29,9.405,3.2405,18.655,1.08883,112.2436364,0.9684
2017-06-01,47.08,46.02,0.7676,1.2982,6.5154,1.1411,8.3781,8.44,1.2995,28.7,9.4997,3.3057,18.076,1.09297,110.9140909,0.9586
